"Gene Symbol"	"Affy ProbeId"	"TSNI Ranking"	"Binding Score *"	"TSNI score"	"pvalue TSNI"	"Area*"	"pvalue*"	"Genes found in literature (Perez & Pietenpol, Cell Cycle 6:3, e1-e9, 2007"	"Genes found in literature Truong et al,  2006 20: 3185-3197 Genes & Dev. )"	"Genes found in literature  (Yang et al, Molecular Cell 24, 593â€“602, November 17, 2006)"	"Genes found in literature Vigano MA et al, EMBO J. 2006 Nov 1;25(21):5105-16."
"Cxcl5"	"1419728_at"	1	0	-1.76E+00	0.0001	2.16E+01	0	0	0	0	0
"Egr1"	"1417065_at"	2	0	1.61E+00	0.0002	7.44E+00	0.0229	0	0	0	0
"Sprrl2"	"1420350_at"	3	0	-1.46E+00	0.0008	7.32E+00	0.022	0	0	0	0
"Aox4"	"1419215_at"	4	39.0983	-1.41E+00	0.0012	3.96E+00	0.0034	0	0	0	0
"Artn"	"1432032_a_at"	5	28.4485	1.34E+00	0.0021	3.35E+00	0.0001	0	1	1	0
"Nucb2"	"1418355_at"	6	0	-1.33E+00	0.0023	1.72E+00	0.0004	0	0	0	0
"Sprr2j"	"1450811_at"	7	25.2249	-1.31E+00	0.0026	1.59E+00	0.0119	0	0	0	0
"Prdm1"	"1420425_at"	8	0	-1.24E+00	0.0044	4.43E+00	0	0	0	1	0
"Prss22"	"1420352_at"	9	43.0272	-1.22E+00	0.0051	3.69E+00	0.0004	0	0	0	0
"Cyp1b1"	"1416612_at"	10	15.7143	1.20E+00	0.0058	1.18E+01	0	0	1	0	0
"Cdsn"	"1435191_at"	11	41.0119	-1.19E+00	0.0063	4.02E+00	0	0	1	0	0
"Eppk1"	"1427537_at"	12	144.2272	1.19E+00	0.0063	4.34E+00	0	0	0	0	0
"Serpinb11"	"1449451_at"	13	12.8655	-1.19E+00	0.0063	4.19E+00	0.0035	0	0	0	0
"Pthlh"	"1422324_a_at"	14	0	1.16E+00	0.0077	4.57E+00	0.0001	0	1	0	0
"Tnnt2"	"1424967_x_at"	15	19.0676	-1.15E+00	0.0082	2.93E+00	0.0013	0	0	0	0
"Bhlhb2"	"1418025_at"	16	0	-1.12E+00	0.01	6.23E+00	0	0	0	0	0
"Sprr2f"	"1449833_at"	17	0	-1.12E+00	0.01	1.97E+00	0	0	0	0	0
"2310056P07Rik"	"1451385_at"	18	48.6049	-1.11E+00	0.0107	5.80E+00	0	0	0	0	0
"Bnip3"	"1422470_at"	19	0	-1.09E+00	0.0121	3.38E+00	0.0001	0	1	0	0
"Ugcg"	"1421269_at"	20	18.4257	-1.08E+00	0.0129	3.73E+00	0	0	1	0	0
"Sprr2i"	"1422963_at"	21	0	-1.07E+00	0.0138	7.51E+00	0.0001	0	0	0	0
"Cyr61"	"1416039_x_at"	22	0	-1.07E+00	0.0138	1.96E+00	0	1	0	0	0
"Ugcg"	"1435133_at"	23	18.4257	-1.05E+00	0.0156	2.45E+00	0.0001	0	1	0	0
"Gp1bb"	"1422977_at"	24	0	-1.05E+00	0.0156	2.60E+00	0.011	0	0	0	0
"Areg"	"1421134_at"	25	0	1.05E+00	0.0156	2.17E+01	0	0	0	0	0
"Btbd3"	"1425660_at"	26	33.447	-1.04E+00	0.0166	3.22E+00	0	0	0	0	0
"Mxd1"	"1422002_at"	27	11.96	-1.02E+00	0.0188	2.98E+00	0.044	0	0	0	0
"Tmem40"	"1424966_at"	28	26.6848	-1.02E+00	0.0188	1.74E+00	0.02	0	0	0	0
"Gp1bb /// Sept5"	"1452357_at"	29	0	-9.99E-01	0.0213	4.07E+00	0	1	0	0	0
"Cyp1b1"	"1416613_at"	30	15.7143	9.85E-01	0.0232	7.79E+00	0	0	1	0	0
"Elf3"	"1416916_at"	31	20.6447	-9.46E-01	0.0291	3.01E+00	0.0152	0	1	1	0
"Tnnt2"	"1418726_a_at"	32	19.0676	-9.43E-01	0.0296	3.49E+00	0	0	0	0	0
"Pgea1"	"1451305_at"	33	0	9.34E-01	0.0312	2.21E+00	0	0	0	0	0
"Zfand6"	"1422031_a_at"	34	0	-9.32E-01	0.0315	1.55E+00	0	0	0	0	0
"Pfkl"	"1439148_a_at"	35	0	-9.23E-01	0.0332	7.91E+00	0	0	0	0	0
"Ndrg1"	"1456174_x_at"	36	10.9572	-9.18E-01	0.0341	3.43E+00	0.0007	0	1	0	0
"Psca"	"1451258_at"	37	0	-9.16E-01	0.0345	7.41E+00	0	0	0	0	0
"LOC14433 /// LOC380687 /// AK190093 /// LOC384808 /// Gapdh /// LOC432919 /// LOC545984 /// LOC622339 /// LOC630967 /// LOC632720 /// LOC639817 /// LOC665036 /// LOC667048 /// LOC667806 /// LOC670367 /// LOC671520 /// LOC671913 /// LOC672238 /// LOC676700"	"1447999_x_at"	38	0	-9.10E-01	0.0357	1.69E+00	0.0004	0	0	0	0
"Sgk"	"1416041_at"	39	0	-9.06E-01	0.0365	2.39E+00	0.0012	0	0	1	0
"Niban"	"1422567_at"	40	0	9.02E-01	0.0373	2.41E+00	0.0001	0	0	0	0
"Fos"	"1423100_at"	41	18.998	8.81E-01	0.0419	9.17E+00	0	1	0	0	0
"Elovl4"	"1451308_at"	42	61.9181	-8.70E-01	0.0444	3.08E+00	0	0	0	0	0
"Cnp1"	"1437341_x_at"	43	11.2486	8.70E-01	0.0444	1.64E+00	0.0174	0	0	0	0
"Stx3"	"1425536_at"	44	20.4015	8.62E-01	0.0464	3.46E+00	0.0002	0	0	0	0
"Muc10"	"1451637_a_at"	45	0	-8.57E-01	0.0476	2.09E+00	0	0	0	0	0
"Ifitm2"	"1417460_at"	46	0	-8.55E-01	0.0482	1.99E+00	0.0015	0	0	0	0
"Ndrg1"	"1423413_at"	47	10.9572	-8.52E-01	0.0489	5.31E+00	0.0005	0	1	0	0
"D5Ertd593e"	"1434442_at"	48	11.2036	8.50E-01	0.0495	1.20E+01	0	0	0	0	0
"Ndrl"	"1420760_s_at"	49	10.9572	-8.43E-01	0.0513	4.31E+00	0.0004	0	0	0	0
"Edn1"	"1451924_a_at"	50	16.8543	-8.38E-01	0.0527	1.40E+01	0	0	0	0	0
"Figf"	"1438954_x_at"	51	77.0515	-8.22E-01	0.0573	2.23E+00	0.02	0	0	0	0
"Ang2"	"1422415_at"	52	20.178	-8.20E-01	0.0579	1.97E+00	0.0387	0	0	0	0
"Maff"	"1418936_at"	53	0	-8.10E-01	0.0609	3.64E+00	0.0047	1	0	0	0
"Stom"	"1438910_a_at"	54	42.8458	-8.09E-01	0.0612	3.46E+00	0.0146	0	0	0	0
"Clic3"	"1429574_at"	55	0	-8.04E-01	0.0628	1.66E+00	0.0002	0	1	0	0
"Fosl1"	"1417487_at"	56	43.9822	8.03E-01	0.0631	6.57E+00	0	0	0	0	0
"Zfp36"	"1452519_a_at"	57	0	-8.00E-01	0.0641	5.05E+00	0.0002	0	1	0	0
"Prkg1"	"1449876_at"	58	419.4006	8.00E-01	0.0641	2.33E+00	0.0002	0	0	0	0
"Sdcbp2"	"1424090_at"	59	0	-7.94E-01	0.0661	2.46E+00	0.005	0	0	0	0
"Klf6"	"1427742_a_at"	60	30.8729	7.93E-01	0.0664	9.20E+00	0.0048	0	0	0	0
"Lpin2"	"1452836_at"	61	19.318	-7.91E-01	0.0671	3.79E+00	0	0	0	0	0
"Slc20a1"	"1438824_at"	62	0	7.91E-01	0.0671	1.57E+01	0	0	0	0	0
"Lif"	"1421207_at"	63	20.3995	7.89E-01	0.0678	8.56E+00	0	0	0	0	0
"Pdk1"	"1423748_at"	64	24.2075	-7.83E-01	0.0698	4.31E+00	0	0	0	0	0
"Tpi1"	"1415918_a_at"	65	0	-7.80E-01	0.0709	1.95E+00	0	0	0	0	0
"Cdca7l"	"1451306_at"	66	0	7.79E-01	0.0712	1.59E+00	0.0058	0	0	0	0
"Smo"	"1427048_at"	67	37.8877	-7.79E-01	0.0712	2.16E+00	0	0	0	1	0
"Msh6"	"1416915_at"	68	0	7.79E-01	0.0712	3.05E+00	0	0	0	0	0
"Ly6g6c"	"1422749_at"	69	0	-7.66E-01	0.076	7.40E+00	0	0	0	0	0
"Cyp3a13"	"1419523_at"	70	11.4599	7.59E-01	0.0786	7.57E+00	0.0007	0	0	0	0
"Hmox1"	"1448239_at"	71	10.0217	-7.57E-01	0.0794	1.04E+01	0	0	1	0	0
"Tcf19"	"1423809_at"	72	15.4721	7.53E-01	0.081	4.37E+00	0	0	0	0	0
"1100001H23Rik"	"1448786_at"	73	47.2316	-7.53E-01	0.081	2.39E+00	0	0	0	0	0
"Arhgap24"	"1424842_a_at"	74	141.0147	7.43E-01	0.085	1.92E+00	0.0018	0	0	0	0
"Rad51"	"1418281_at"	75	0	7.43E-01	0.085	4.56E+00	0	0	0	0	0
"Ereg"	"1419431_at"	76	0	7.41E-01	0.0858	9.25E+00	0	0	0	0	0
"Ppif"	"1416940_at"	77	14.0079	-7.40E-01	0.0862	5.38E+00	0	0	0	0	0
"Tpi1"	"1452927_x_at"	78	0	-7.35E-01	0.0883	1.61E+00	0.0007	0	0	0	0
"2300002G24Rik"	"1453092_at"	79	22.7075	-7.35E-01	0.0883	2.66E+00	0.0002	0	0	0	0
"Clcf1"	"1437271_at"	80	10.8655	7.35E-01	0.0883	6.79E+00	0	0	0	0	0
"Gadd45a"	"1449519_at"	81	55.7105	-7.26E-01	0.0922	3.94E+00	0	1	0	1	0
"Ptges"	"1449450_at"	82	58.3073	-7.25E-01	0.0926	1.80E+00	0	1	0	0	0
"Elovl4"	"1424306_at"	83	61.9181	-7.25E-01	0.0926	1.97E+00	0.0018	0	0	0	0
"Hsd17b4"	"1455777_x_at"	84	12.0008	-7.23E-01	0.0935	1.54E+00	0.0003	0	0	0	0
"Elk3"	"1448797_at"	85	54.8229	-7.22E-01	0.0939	4.82E+00	0	0	0	0	0
"Vsnl1"	"1450055_at"	86	142.9577	-7.22E-01	0.0939	2.68E+00	0.0465	1	0	0	0
"2810048G17Rik"	"1417218_at"	87	27.1296	7.15E-01	0.0971	2.01E+00	0	0	0	0	0
"Gsta1 /// Gsta2"	"1421041_s_at"	88	14.0936	-7.15E-01	0.0971	1.64E+00	0.0456	0	0	0	0
"Pfn2"	"1418210_at"	89	0	7.14E-01	0.0976	3.29E+00	0	0	0	0	0
"Helb"	"1419234_at"	90	40.2226	7.09E-01	0.0999	2.72E+00	0.0086	0	0	0	0
"Il1rn"	"1423017_a_at"	91	11.121	-7.08E-01	0.1003	2.30E+00	0.0039	0	1	1	0
"Ptk9l"	"1431292_a_at"	92	0	7.08E-01	0.1003	2.24E+00	0	0	0	0	0
"Myadm"	"1423321_at"	93	0	7.08E-01	0.1003	1.93E+00	0.0229	0	0	0	0
"2510042P03Rik"	"1423672_at"	94	0	7.04E-01	0.1022	2.48E+00	0.0204	0	0	0	0
"Ak1"	"1422184_a_at"	95	0	-7.02E-01	0.1032	8.00E+00	0	0	0	0	0
"Cldn1"	"1450014_at"	96	69.5186	-7.01E-01	0.1036	4.70E+00	0	0	1	1	0
"Scel"	"1422837_at"	97	48.8426	-7.01E-01	0.1036	5.85E+00	0	0	0	0	0
"Prnd"	"1425681_a_at"	98	42.4225	6.92E-01	0.108	1.11E+01	0	0	0	0	0
"Cyr61"	"1438133_a_at"	99	0	-6.89E-01	0.1095	2.63E+00	0	1	0	0	0
"Gabrp"	"1424647_at"	100	11.1114	6.85E-01	0.1116	5.13E+00	0.0271	0	0	0	0
"Zfp36l2"	"1437626_at"	101	0	6.81E-01	0.1136	1.56E+00	0.0001	0	0	0	0
"Zfand5"	"1416085_s_at"	102	0	-6.72E-01	0.1183	2.85E+00	0	0	0	0	0
"Sprrl9"	"1449959_x_at"	103	0	-6.71E-01	0.1189	7.58E+00	0	0	0	0	0
"Ptk9l"	"1439440_x_at"	104	0	6.65E-01	0.1221	1.87E+00	0.0007	0	0	0	0
"Krt14"	"1455573_at"	105	0	6.62E-01	0.1238	4.85E+00	0.0004	1	0	0	0
"Gtl3"	"1419462_s_at"	106	0	-6.61E-01	0.1243	1.73E+00	0	0	0	0	0
"Hist1h4h /// Hist2h4 /// Hist1h4c /// Hist1h4i /// Hist1h4j /// Hist1h4k /// Hist1h4m /// Hist1h4a /// Hist1h4b"	"1422948_s_at"	107	0	6.61E-01	0.1243	2.43E+00	0	0	0	0	0
"Riok3"	"1422650_a_at"	108	0	6.57E-01	0.1266	1.81E+00	0	0	0	1	0
"Stmn1 /// LOC639458"	"1448113_at"	109	0	-6.51E-01	0.13	5.70E+00	0	0	0	0	0
"Rnf11"	"1426404_a_at"	110	0	-6.51E-01	0.13	1.73E+00	0	0	0	0	0
"Pard6b"	"1423174_a_at"	111	0	6.51E-01	0.13	5.73E+00	0.0079	0	0	1	0
"Ndrg1 /// Ndrl"	"1450977_s_at"	112	10.9572	-6.38E-01	0.1376	4.66E+00	0.0167	0	0	0	0
"Tpi1"	"1435659_a_at"	113	0	-6.38E-01	0.1376	2.76E+00	0.0112	0	0	0	0
"Gpi1 /// LOC676596"	"1420997_a_at"	114	0	-6.37E-01	0.1382	1.98E+00	0	0	0	0	0
"Pfkl"	"1450269_a_at"	115	0	-6.35E-01	0.1394	6.40E+00	0	0	0	0	0
"Eps8l1"	"1450470_at"	116	0	-6.34E-01	0.14	1.60E+00	0.0093	0	0	0	0
"1110012L19Rik"	"1451302_at"	117	0	6.28E-01	0.1437	2.79E+00	0	0	0	0	0
"Nans"	"1417774_at"	118	0	-6.27E-01	0.1443	1.95E+00	0.0013	0	0	0	0
"Nedd4l"	"1423269_a_at"	119	0	6.27E-01	0.1443	3.19E+00	0	0	0	0	0
"Arl6ip2"	"1416794_at"	120	0	6.25E-01	0.1456	2.77E+00	0	0	0	0	0
"Hbegf"	"1418350_at"	121	27.7752	6.25E-01	0.1456	3.83E+00	0	1	0	1	0
"Mcm2"	"1448777_at"	122	0	6.22E-01	0.1474	2.13E+00	0.0103	0	0	0	0
"Klk6"	"1448982_at"	123	0	-6.19E-01	0.1494	3.04E+00	0	0	1	0	0
"Cdc23"	"1433430_s_at"	124	18.2854	6.18E-01	0.15	1.91E+00	0	0	0	0	0
"Ccng2"	"1448364_at"	125	0	-6.16E-01	0.1513	7.11E+00	0	0	0	1	0
"S100a3"	"1421856_at"	126	0	-6.14E-01	0.1526	2.57E+00	0.0247	0	0	0	0
"Ccnl2"	"1454149_a_at"	127	0	6.10E-01	0.1552	1.50E+00	0.0029	0	0	0	0
"Gch1"	"1420499_at"	128	0	-6.09E-01	0.1558	8.17E+00	0	0	0	1	0
"Ypel5"	"1451196_at"	129	0	-6.07E-01	0.1572	1.86E+00	0.0216	0	0	0	0
"Gas5"	"1424843_a_at"	130	0	6.06E-01	0.1578	8.15E+00	0.0002	0	0	0	0
"Ccnf"	"1422513_at"	131	0	5.97E-01	0.1639	2.29E+00	0	0	0	0	0
"Rpa1"	"1423293_at"	132	0	5.94E-01	0.166	1.77E+00	0	0	0	0	0
"Apcdd1"	"1454822_x_at"	133	0	5.94E-01	0.166	2.14E+00	0	0	0	0	0
"Gpi1"	"1450081_x_at"	134	0	-5.93E-01	0.1667	1.80E+00	0	0	0	0	0
"Ndrg1"	"1450976_at"	135	10.9572	-5.91E-01	0.1681	2.27E+00	0.0013	0	1	0	0
"Aldh1a3"	"1448789_at"	136	0	-5.91E-01	0.1681	6.84E+00	0	1	0	1	0
"Gne"	"1448810_at"	137	0	-5.90E-01	0.1688	3.42E+00	0.0057	0	0	0	0
"Ndn"	"1435383_x_at"	138	0	5.89E-01	0.1695	2.91E+00	0.031	0	0	0	0
"Ssbp3"	"1427917_s_at"	139	0	5.83E-01	0.1737	2.84E+00	0	0	0	0	0
"Cfl2"	"1418067_at"	140	0	5.79E-01	0.1766	2.18E+00	0	0	0	0	0
"Ccng2"	"1416488_at"	141	0	-5.76E-01	0.1788	7.15E+00	0	0	0	1	0
"Clcf1"	"1437270_a_at"	142	10.8655	5.74E-01	0.1803	7.17E+00	0	0	0	0	0
"P4ha1"	"1452094_at"	143	0	-5.70E-01	0.1832	1.79E+00	0.0052	0	0	0	0
"Dck"	"1439012_a_at"	144	0	5.67E-01	0.1855	4.89E+00	0.0001	0	0	0	0
"Tmprss4"	"1426302_at"	145	0	-5.66E-01	0.1862	2.65E+00	0	0	0	0	0
"Ugcg"	"1421268_at"	146	18.4257	-5.66E-01	0.1862	6.29E+00	0	0	1	0	0
"Mcm3"	"1426653_at"	147	0	5.65E-01	0.187	2.39E+00	0.0212	0	0	0	0
"Mgea5"	"1422900_at"	148	0	5.61E-01	0.19	2.73E+00	0.001	0	0	0	0
"2810027O19Rik"	"1449345_at"	149	0	-5.57E-01	0.1931	5.44E+00	0	0	0	1	0
"1500005K14Rik"	"1456603_at"	150	0	-5.57E-01	0.1931	1.87E+00	0	0	0	0	0
"Grpel2"	"1452262_at"	151	0	5.56E-01	0.1939	5.99E+00	0	0	0	0	0
"Elk3"	"1417662_at"	152	54.8229	-5.54E-01	0.1954	4.35E+00	0	0	0	0	0
"Prpf4b"	"1436427_at"	153	0	5.54E-01	0.1954	3.74E+00	0.0021	0	0	1	0
"Siva"	"1452020_a_at"	154	0	5.52E-01	0.197	4.81E+00	0	0	0	0	0
"Man1a"	"1417110_at"	155	0	5.48E-01	0.2001	2.10E+00	0.0152	0	0	1	0
"5830411E10Rik"	"1460521_a_at"	156	0	-5.47E-01	0.2009	6.63E+00	0	0	0	0	0
"Hmgn2"	"1433507_a_at"	157	0	5.45E-01	0.2025	2.02E+00	0.0482	0	0	0	0
"Dusp16"	"1418401_a_at"	158	0	-5.43E-01	0.2042	6.80E+00	0	0	0	0	0
"Prkd2"	"1436589_x_at"	159	0	5.43E-01	0.2042	1.90E+00	0	0	0	0	0
"Arrdc4"	"1424759_at"	160	0	5.41E-01	0.2058	2.69E+00	0	0	0	0	0
"Sult2b1"	"1417335_at"	161	0	-5.41E-01	0.2058	1.66E+00	0.0029	0	1	0	0
"Mmp13"	"1417256_at"	162	0	5.39E-01	0.2074	7.94E+00	0	0	0	1	0
"Tchh"	"1434425_at"	163	0	-5.39E-01	0.2074	1.02E+01	0	0	0	0	0
"Cxcl14"	"1418457_at"	164	0	-5.36E-01	0.2099	1.93E+00	0.044	0	1	0	0
"Ddit4l"	"1451751_at"	165	0	5.35E-01	0.2107	7.34E+00	0	0	0	0	0
"Adipor1"	"1424312_at"	166	0	-5.35E-01	0.2107	2.46E+00	0	0	0	1	0
"Zfand5"	"1416084_at"	167	0	-5.32E-01	0.2132	3.86E+00	0	0	0	0	0
"Nudt1"	"1449349_at"	168	0	5.31E-01	0.214	1.73E+00	0	0	0	0	0
"Klf3"	"1421604_a_at"	169	0	-5.29E-01	0.2157	2.05E+00	0	0	0	1	0
"Zdhhc9"	"1454787_at"	170	0	5.28E-01	0.2165	1.93E+00	0.0001	0	0	0	0
"Pfn2"	"1436993_x_at"	171	0	5.27E-01	0.2174	2.89E+00	0.0001	0	0	0	0
"Tgoln1"	"1423309_at"	172	0	5.25E-01	0.219	3.21E+00	0	0	0	0	0
"Casq2"	"1422529_s_at"	173	0	5.20E-01	0.2233	1.66E+00	0	0	0	1	0
"Siva"	"1418377_a_at"	174	0	5.20E-01	0.2233	5.62E+00	0	0	0	0	0
"Pvr"	"1451160_s_at"	175	0	5.18E-01	0.225	4.51E+00	0	0	0	0	0
"Blzf1"	"1418974_at"	176	0	5.17E-01	0.2259	1.82E+00	0.0009	0	0	0	0
"Ddit3"	"1417516_at"	177	0	-5.13E-01	0.2294	6.86E+00	0	0	0	0	0
"Fosl1"	"1417488_at"	178	43.9822	5.10E-01	0.232	6.78E+00	0	0	0	0	0
"Prpf39"	"1452688_at"	179	0	-5.09E-01	0.2329	3.35E+00	0.0282	0	0	0	0
"1110001A16Rik"	"1435755_at"	180	0	-5.06E-01	0.2356	1.92E+00	0	0	0	0	0
"Car2"	"1448752_at"	181	0	5.05E-01	0.2365	8.11E+00	0	0	0	0	0
"Klk7"	"1423542_at"	182	0	-5.05E-01	0.2365	2.91E+00	0	0	0	0	0
"Rbm14"	"1456566_x_at"	183	0	5.04E-01	0.2374	1.83E+00	0	0	0	1	0
"Ankrd47"	"1448839_at"	184	0	5.04E-01	0.2374	3.54E+00	0.0009	0	0	1	0
"Klf6"	"1433508_at"	185	30.8729	-5.03E-01	0.2383	7.02E+00	0	0	0	0	0
"Nme4"	"1416798_a_at"	186	0	5.02E-01	0.2392	3.56E+00	0	0	0	0	0
"6720460F02Rik"	"1452073_at"	187	0	4.98E-01	0.2428	1.86E+00	0	0	0	0	0
"Pard6b"	"1423175_s_at"	188	0	4.97E-01	0.2437	6.17E+00	0	0	0	1	0
"H2afz /// LOC631864 /// LOC666634 /// LOC669445 /// LOC675899"	"1438092_x_at"	189	0	-4.96E-01	0.2447	3.17E+00	0	0	0	0	0
"Mrpl15"	"1430798_x_at"	190	0	-4.95E-01	0.2456	2.35E+00	0	0	0	1	0
"6720467C03Rik"	"1451570_a_at"	191	0	-4.95E-01	0.2456	1.80E+00	0.0014	0	0	0	0
"Sncg"	"1417788_at"	192	0	-4.89E-01	0.2511	6.55E+00	0.0001	1	0	0	0
"Krt80"	"1419619_at"	193	0	-4.87E-01	0.253	1.77E+00	0.003	0	0	0	0
"Lpin2"	"1460290_at"	194	19.318	-4.82E-01	0.2577	4.34E+00	0.0002	0	0	0	0
"Il1a"	"1421473_at"	195	0	-4.78E-01	0.2616	7.23E+00	0	0	1	0	0
"Clk3"	"1423849_a_at"	196	0	4.77E-01	0.2625	1.64E+00	0.0277	0	0	0	0
"Pfn2"	"1418209_a_at"	197	0	4.77E-01	0.2625	3.69E+00	0	0	0	0	0
"H2afz /// LOC631864 /// LOC675899"	"1438091_a_at"	198	0	-4.75E-01	0.2645	3.72E+00	0	0	0	0	0
"Nucks1"	"1447924_at"	199	0	-4.74E-01	0.2654	2.38E+00	0.0007	0	0	0	0
"Atp6v1c2"	"1430306_a_at"	200	0	-4.73E-01	0.2664	3.55E+00	0	0	0	0	0
"Atp1b1"	"1423890_x_at"	201	0	4.69E-01	0.2703	1.50E+00	0.0023	0	0	1	0
"Nupr1"	"1419665_a_at"	202	0	-4.67E-01	0.2723	6.69E+00	0.0117	1	0	1	0
"Dtymk"	"1438096_a_at"	203	0	4.67E-01	0.2723	1.53E+00	0.0448	0	0	0	0
"1810063B05Rik"	"1435864_a_at"	204	0	-4.63E-01	0.2763	2.85E+00	0.0001	0	0	0	0
"Fscn1"	"1416514_a_at"	205	0	-4.59E-01	0.2803	1.93E+00	0.0044	0	0	1	0
"Ndn"	"1438939_x_at"	206	0	4.58E-01	0.2813	1.69E+00	0.0002	0	0	0	0
"Hspa5"	"1427464_s_at"	207	0	-4.55E-01	0.2843	1.67E+00	0	0	0	0	0
"Snx16"	"1424276_at"	208	0	4.55E-01	0.2843	1.96E+00	0	0	0	1	0
"Col4a3bp"	"1420383_a_at"	209	0	4.55E-01	0.2843	2.05E+00	0	0	0	0	0
"Tgoln1"	"1423308_at"	210	0	4.54E-01	0.2854	2.95E+00	0	0	0	0	0
"Siva"	"1426323_x_at"	211	0	4.54E-01	0.2854	5.25E+00	0	0	0	0	0
"Pstpip2"	"1421411_at"	212	0	-4.53E-01	0.2864	2.12E+00	0	0	0	0	0
"Dhcr7"	"1448619_at"	213	0	-4.53E-01	0.2864	3.69E+00	0	0	0	0	0
"Timp3"	"1419088_at"	214	55.5025	-4.51E-01	0.2884	4.63E+00	0.0005	0	0	1	0
"2310043N10Rik"	"1428083_at"	215	0	4.51E-01	0.2884	1.55E+01	0.0001	0	0	0	0
"Akap12"	"1419706_a_at"	216	0	4.48E-01	0.2915	1.77E+01	0	0	0	0	0
"Rpa1"	"1437309_a_at"	217	0	4.47E-01	0.2926	1.75E+00	0.0007	0	0	0	0
"Melk"	"1416558_at"	218	0	4.46E-01	0.2936	1.68E+00	0	0	0	0	0
"Fas"	"1460251_at"	219	0	4.46E-01	0.2936	4.38E+00	0	1	0	0	0
"Mthfd1"	"1415917_at"	220	0	4.45E-01	0.2946	2.24E+00	0	0	0	0	0
"Gjb5"	"1449204_at"	221	0	4.41E-01	0.2988	4.03E+00	0	0	0	0	1
"St8sia2"	"1420377_at"	222	0	-4.41E-01	0.2988	2.90E+00	0.0019	0	0	0	0
"Wdr8"	"1423923_a_at"	223	0	4.40E-01	0.2999	1.87E+00	0	0	0	0	0
"Mospd1"	"1424280_at"	224	0	-4.40E-01	0.2999	2.01E+00	0.0066	0	0	0	0
"Luc7l"	"1428255_at"	225	0	4.40E-01	0.2999	2.44E+00	0	0	0	0	0
"Steap1"	"1424938_at"	226	0	-4.38E-01	0.302	2.01E+00	0	0	0	0	0
"Prim2"	"1418036_at"	227	0	4.35E-01	0.3052	2.13E+00	0	0	0	0	0
"Ppp2r5e"	"1443949_at"	228	0	4.35E-01	0.3052	3.93E+00	0.006	0	0	0	0
"S100a4"	"1424542_at"	229	0	-4.33E-01	0.3073	2.16E+00	0.0002	1	0	0	0
"Sfrs8"	"1438675_at"	230	0	4.33E-01	0.3073	2.61E+00	0.0006	0	0	0	0
"Lpgat1"	"1424349_a_at"	231	0	4.30E-01	0.3106	2.15E+00	0.0122	0	0	0	0
"Rbm14"	"1437032_x_at"	232	0	4.30E-01	0.3106	1.95E+00	0	0	0	1	0
"Il24"	"1426181_a_at"	233	0	-4.29E-01	0.3116	1.96E+00	0.0044	0	0	0	0
"Pank1"	"1418715_at"	234	0	4.28E-01	0.3127	2.76E+00	0.0011	0	0	1	0
"Hnrpa1"	"1455740_at"	235	0	4.27E-01	0.3138	3.60E+00	0.0196	0	0	0	0
"Grasp"	"1460206_at"	236	0	4.27E-01	0.3138	3.21E+00	0	0	0	0	0
"Acaa1b"	"1424451_at"	237	0	4.27E-01	0.3138	2.14E+00	0.0124	0	0	0	0
"Ccnl2"	"1453740_a_at"	238	0	4.26E-01	0.3149	2.97E+00	0	0	0	0	0
"Abhd4"	"1439259_x_at"	239	21.7681	4.21E-01	0.3204	2.34E+00	0.0066	0	0	0	0
"Cst6"	"1427910_at"	240	16.3955	-4.20E-01	0.3215	4.87E+00	0	0	0	0	0
"Ada"	"1417976_at"	241	0	-4.20E-01	0.3215	2.29E+00	0	0	0	0	0
"Pole2"	"1427094_at"	242	0	-4.20E-01	0.3215	2.65E+00	0	0	0	0	0
"Tnip1"	"1427689_a_at"	243	0	4.19E-01	0.3226	1.84E+00	0.0252	0	0	1	0
"Dnajc9"	"1426473_at"	244	0	4.19E-01	0.3226	4.63E+00	0	0	0	0	0
"Eps8l1"	"1431821_a_at"	245	0	-4.18E-01	0.3237	2.17E+00	0.0002	0	0	0	0
"Smo"	"1427049_s_at"	246	37.8877	-4.17E-01	0.3248	1.96E+00	0	0	0	1	0
"2810417H13Rik"	"1419153_at"	247	0	4.14E-01	0.3282	5.61E+00	0	0	0	0	0
"Dusp10"	"1417164_at"	248	21.7732	-4.14E-01	0.3282	2.06E+01	0	0	0	0	0
"2310061C15Rik"	"1427921_s_at"	249	0	4.13E-01	0.3293	3.03E+00	0.0036	0	0	0	0
"Ccnt2"	"1427088_at"	250	0	4.13E-01	0.3293	1.67E+00	0.0022	0	0	0	0
"Zfpm1"	"1451046_at"	251	0	-4.13E-01	0.3293	1.85E+00	0	0	0	0	0
"Srpk2"	"1448603_at"	252	0	-4.12E-01	0.3304	1.63E+00	0.0003	0	0	0	0
"Ppil5"	"1452458_s_at"	253	0	4.11E-01	0.3315	1.72E+00	0	0	0	0	0
"Sox15"	"1452017_at"	254	0	4.10E-01	0.3326	2.32E+00	0	0	0	0	0
"Ets2"	"1416268_at"	255	0	4.10E-01	0.3326	1.61E+00	0	0	0	0	0
"Dmtf1"	"1422636_at"	256	0	4.03E-01	0.3406	4.03E+00	0.002	0	0	1	0
"Ccl27"	"1419188_s_at"	257	0	4.02E-01	0.3418	1.89E+00	0.0009	0	0	0	0
"Aldh1a3"	"1417642_at"	258	0	-3.98E-01	0.3464	7.74E+00	0	1	0	1	0
"Trib3"	"1426065_a_at"	259	0	3.98E-01	0.3464	3.64E+00	0.0124	0	0	0	0
"Ubap1"	"1450893_a_at"	260	0	-3.97E-01	0.3475	3.05E+00	0	0	0	0	0
"Chka"	"1450264_a_at"	261	0	3.95E-01	0.3499	6.45E+00	0	0	0	0	0
"Lig1"	"1416641_at"	262	0	3.94E-01	0.351	1.82E+00	0	0	0	0	0
"Pias3"	"1451115_at"	263	0	3.93E-01	0.3522	2.60E+00	0	0	0	0	0
"Klk11"	"1419201_at"	264	0	-3.92E-01	0.3534	2.65E+00	0	0	1	0	0
"Arl6ip2"	"1416793_at"	265	0	3.90E-01	0.3557	1.88E+00	0	0	0	0	0
"Pttg1"	"1438390_s_at"	266	24.9572	3.90E-01	0.3557	4.46E+00	0.0001	0	0	1	0
"Tacc3"	"1455834_x_at"	267	0	3.90E-01	0.3557	3.43E+00	0.0005	0	0	0	0
"Hoxc6"	"1427454_at"	268	0	3.87E-01	0.3593	2.62E+00	0.0024	0	0	0	0
"Peg3"	"1417355_at"	269	0	3.81E-01	0.3664	2.08E+01	0	0	0	0	0
"Adamts1"	"1450716_at"	270	0	-3.81E-01	0.3664	4.55E+00	0.0004	0	0	0	0
"Slc25a17"	"1424912_at"	271	0	-3.81E-01	0.3664	2.64E+00	0	0	0	0	0
"Galnt3 /// LOC620893"	"1417589_at"	272	0	3.81E-01	0.3664	1.76E+00	0.0271	0	0	0	0
"Ccrn4l"	"1425837_a_at"	273	0	3.81E-01	0.3664	6.83E+00	0	0	0	0	0
"Cbr3"	"1427912_at"	274	0	-3.81E-01	0.3664	2.58E+00	0	0	0	1	0
"Gtpbp2"	"1416690_at"	275	0	3.79E-01	0.3688	3.04E+00	0.0008	0	0	0	0
"2310002A05Rik /// Sprrl1 /// LOC545548 /// LOC630971 /// LOC630994"	"1419317_x_at"	276	0	-3.79E-01	0.3688	3.96E+00	0	0	0	0	0
"Lpl"	"1415904_at"	277	0	-3.78E-01	0.3701	2.37E+00	0.0037	0	0	0	0
"Slc45a3"	"1426664_x_at"	278	0	3.78E-01	0.3701	2.69E+00	0	0	0	0	0
"Pvr"	"1423903_at"	279	0	3.76E-01	0.3725	4.39E+00	0	0	0	0	0
"Rnf11"	"1452058_a_at"	280	0	-3.74E-01	0.3749	2.35E+00	0	0	0	0	0
"Prkx"	"1424286_at"	281	0	3.74E-01	0.3749	1.61E+00	0	0	0	1	0
"Nrip1"	"1418469_at"	282	0	3.74E-01	0.3749	2.23E+00	0.031	0	0	0	0
"F3"	"1417408_at"	283	0	-3.72E-01	0.3774	6.43E+00	0	0	0	1	0
"Mmd"	"1423489_at"	284	0	3.72E-01	0.3774	1.95E+00	0.0004	0	0	0	0
"---"	"1448026_at"	285	0	3.71E-01	0.3786	1.69E+00	0	0	0	0	0
"Rnd3"	"1416701_at"	286	0	-3.67E-01	0.3835	3.98E+00	0	0	0	1	0
"Mrpl18"	"1448373_at"	287	0	3.65E-01	0.386	1.96E+00	0	0	0	0	0
"Ptgds2"	"1421492_at"	288	0	-3.64E-01	0.3872	3.66E+00	0.0149	0	0	0	0
"Elovl7"	"1424098_at"	289	0	3.63E-01	0.3885	3.79E+00	0	0	0	1	0
"Zfp207"	"1455092_at"	290	0	3.62E-01	0.3897	2.06E+00	0.0045	0	0	0	0
"Dusp14"	"1431422_a_at"	291	0	-3.61E-01	0.391	1.94E+00	0.0074	0	0	0	0
"Ifrd1"	"1416067_at"	292	0	-3.61E-01	0.391	4.14E+00	0	0	0	0	0
"4921536K21Rik"	"1420721_at"	293	0	-3.60E-01	0.3922	1.77E+00	0.0001	0	0	0	0
"Mcam"	"1416357_a_at"	294	0	-3.60E-01	0.3922	4.71E+00	0	0	0	0	0
"Casp7"	"1448659_at"	295	0	3.59E-01	0.3935	2.00E+00	0	0	0	0	0
"Mrps24"	"1450865_s_at"	296	0	3.58E-01	0.3947	1.56E+00	0	0	0	0	0
"Trim16"	"1460629_at"	297	22.6782	3.54E-01	0.3998	1.78E+00	0	0	0	0	0
"Tsc22d1"	"1454971_x_at"	298	48.877	3.54E-01	0.3998	2.83E+00	0	0	0	0	0
"Pdk3"	"1426410_at"	299	0	-3.51E-01	0.4036	1.54E+00	0	0	0	0	0
"Siva"	"1433680_x_at"	300	0	-3.51E-01	0.4036	8.47E+00	0	0	0	0	0
"Pmm1"	"1424167_a_at"	301	0	3.50E-01	0.4048	1.63E+00	0	0	0	0	0
"Capn8"	"1421634_at"	302	0	-3.50E-01	0.4048	3.06E+00	0.0008	0	0	0	0
"Vkorc1"	"1452770_at"	303	0	3.50E-01	0.4048	1.85E+00	0.0039	0	0	0	0
"Rfc3"	"1423700_at"	304	0	3.49E-01	0.4061	1.57E+00	0	0	0	0	0
"Runx2"	"1424704_at"	305	60.0466	3.49E-01	0.4061	2.84E+00	0	0	0	1	0
"2810403A07Rik"	"1426365_at"	306	0	3.47E-01	0.4087	4.42E+00	0	0	0	1	0
"Hddc2"	"1428823_at"	307	0	-3.46E-01	0.41	2.46E+00	0	0	0	0	0
"Rrm1"	"1415878_at"	308	0	3.45E-01	0.4113	1.70E+00	0	0	0	0	0
"Grhl2"	"1429086_at"	309	0	-3.45E-01	0.4113	2.40E+00	0.005	0	0	1	0
"Ccr1"	"1419609_at"	310	0	-3.44E-01	0.4126	2.99E+00	0.0001	0	0	0	0
"Pctk2"	"1435143_at"	311	0	-3.43E-01	0.4138	4.67E+00	0	1	0	0	0
"Atf3"	"1449363_at"	312	0	-3.43E-01	0.4138	8.18E+00	0	0	0	1	0
"Zfand2a"	"1415940_at"	313	0	3.42E-01	0.4151	6.80E+00	0	0	0	0	0
"Myd116"	"1448325_at"	314	0	-3.41E-01	0.4164	7.69E+00	0.0001	0	0	0	0
"Foxm1"	"1448834_at"	315	0	3.41E-01	0.4164	1.78E+00	0.0001	0	0	0	0
"Luc7l"	"1452708_a_at"	316	0	3.40E-01	0.4177	2.74E+00	0.0004	0	0	0	0
"Il1rn"	"1451798_at"	317	11.121	-3.39E-01	0.419	3.17E+00	0	0	1	1	0
"Ptpre"	"1418539_a_at"	318	0	-3.38E-01	0.4203	2.08E+00	0	0	0	1	0
"Pvr"	"1450295_s_at"	319	0	3.37E-01	0.4216	5.38E+00	0	0	0	0	0
"Nxn"	"1422465_a_at"	320	0	-3.36E-01	0.423	4.76E+00	0	0	0	1	0
"Incenp"	"1439436_x_at"	321	0	3.33E-01	0.4269	1.77E+00	0.0417	0	0	0	0
"Mcee"	"1438477_a_at"	322	0	3.32E-01	0.4282	2.86E+00	0	0	0	0	0
"Epha2"	"1421151_a_at"	323	0	3.32E-01	0.4282	2.94E+00	0	1	0	0	0
"Dusp18"	"1451270_at"	324	0	-3.30E-01	0.4309	2.89E+00	0	0	0	0	0
"Sox9"	"1424950_at"	325	0	-3.26E-01	0.4362	3.74E+00	0	0	1	0	0
"Lsm2"	"1451884_a_at"	326	0	-3.23E-01	0.4402	1.59E+00	0.0009	0	0	1	0
"Prss8"	"1418320_at"	327	0	-3.21E-01	0.4429	3.54E+00	0	0	0	0	0
"Riok2"	"1423481_at"	328	0	3.19E-01	0.4456	1.82E+00	0.0067	0	0	0	0
"Ttll1"	"1436833_x_at"	329	0	3.19E-01	0.4456	2.17E+00	0	0	0	0	0
"Tpst1"	"1421733_a_at"	330	0	3.18E-01	0.4469	1.90E+00	0	0	0	1	0
"Blzf1"	"1418973_at"	331	0	3.17E-01	0.4483	1.62E+00	0.0001	0	0	0	0
"Ptgs2"	"1417263_at"	332	0	-3.16E-01	0.4496	3.01E+01	0	0	0	0	0
"Fads1"	"1423680_at"	333	0	-3.15E-01	0.451	1.55E+00	0	0	0	1	0
"Stra13"	"1416553_at"	334	0	3.14E-01	0.4523	1.84E+00	0	0	0	0	0
"Jun"	"1448694_at"	335	19.1492	3.12E-01	0.4551	2.44E+00	0.0001	0	0	1	1
"Il18"	"1417932_at"	336	0	-3.12E-01	0.4551	2.73E+00	0.036	0	0	0	0
"Dynlt1"	"1428116_a_at"	337	0	-3.09E-01	0.4592	1.65E+00	0	0	0	0	0
"Epgn"	"1449994_at"	338	0	3.08E-01	0.4606	1.02E+01	0	0	0	0	0
"Hivep2"	"1422018_at"	339	0	3.07E-01	0.4619	1.69E+00	0.0334	0	0	1	0
"Egr2"	"1427682_a_at"	340	0	-3.06E-01	0.4633	1.75E+01	0	0	0	0	0
"Pafah1b1"	"1460199_a_at"	341	0	3.04E-01	0.4661	2.82E+00	0.006	0	0	0	0
"Prpf38b"	"1428674_at"	342	0	-3.03E-01	0.4675	3.30E+00	0.0129	0	0	0	0
"Rpa3"	"1448938_at"	343	0	3.03E-01	0.4675	2.11E+00	0	0	0	0	0
"Cdc25c"	"1422252_a_at"	344	0	3.01E-01	0.4702	2.97E+00	0	0	0	0	0
"Foxq1"	"1422735_at"	345	0	-3.01E-01	0.4702	2.60E+00	0	0	0	0	0
"Sc4mol"	"1423078_a_at"	346	0	-3.00E-01	0.4716	2.61E+00	0.0018	0	0	0	0
"Cldn23"	"1424409_at"	347	0	-3.00E-01	0.4716	4.30E+00	0	0	0	0	0
"Rfc3"	"1432538_a_at"	348	0	2.99E-01	0.473	2.59E+00	0	0	0	0	0
"Adk"	"1438292_x_at"	349	0	-2.98E-01	0.4744	1.82E+00	0.001	0	0	1	0
"Slpi"	"1448377_at"	350	0	2.98E-01	0.4744	9.87E+00	0	0	1	0	0
"F2rl1"	"1448931_at"	351	0	2.97E-01	0.4758	2.36E+00	0.0005	0	0	0	0
"Itpkb"	"1435272_at"	352	0	2.97E-01	0.4758	1.72E+00	0	0	0	0	0
"Rrm2"	"1434437_x_at"	353	27.8688	2.97E-01	0.4758	2.36E+00	0	0	0	0	0
"0610009D07Rik"	"1417054_a_at"	354	0	-2.95E-01	0.4786	1.72E+00	0	0	0	0	0
"Ccdc5"	"1424955_at"	355	0	2.95E-01	0.4786	1.84E+00	0	0	0	0	0
"Rnd3"	"1416700_at"	356	0	-2.93E-01	0.4814	2.80E+00	0	0	0	1	0
"Glce"	"1428374_at"	357	0	2.92E-01	0.4829	2.48E+00	0	0	0	0	0
"Dsc2"	"1421156_a_at"	358	26.1745	-2.91E-01	0.4843	1.07E+01	0	0	0	0	0
"Amot"	"1454890_at"	359	0	-2.89E-01	0.4871	8.82E+00	0.0024	0	0	1	0
"D17H6S56E-5"	"1417821_at"	360	0	2.89E-01	0.4871	1.74E+00	0.0465	0	0	0	0
"Ube2i /// LOC546265 /// LOC669417"	"1422714_at"	361	0	-2.89E-01	0.4871	2.23E+00	0	0	0	0	0
"6530403A03Rik"	"1437180_at"	362	0	2.89E-01	0.4871	4.29E+00	0.0001	0	0	0	0
"Etv4"	"1423232_at"	363	0	-2.88E-01	0.4885	1.55E+00	0	0	0	1	0
"5830411E10Rik"	"1452203_at"	364	0	-2.87E-01	0.4899	5.97E+00	0	0	0	0	0
"Socs3"	"1455899_x_at"	365	0	-2.86E-01	0.4914	4.88E+00	0.0287	0	0	0	0
"Atp6ap2"	"1423662_at"	366	0	-2.86E-01	0.4914	2.87E+00	0	0	0	0	0
"Hist2h3c1 /// Hist2h2aa1 /// Hist1h2ad /// Hist1h2an /// Hist2h2ab /// Hist2h2ac /// Hist2h2aa2"	"1418367_x_at"	367	0	2.86E-01	0.4914	2.48E+00	0.0482	0	0	0	0
"0610009D07Rik"	"1436681_x_at"	368	0	-2.84E-01	0.4942	1.54E+00	0	0	0	0	0
"Rab4a"	"1449048_s_at"	369	0	2.84E-01	0.4942	1.69E+00	0	0	0	0	0
"Atf6"	"1435444_at"	370	0	2.83E-01	0.4956	3.66E+00	0	0	0	0	0
"Rad1"	"1448414_at"	371	0	2.82E-01	0.4971	1.67E+00	0.0018	0	0	0	0
"Defb4"	"1419600_at"	372	0	-2.80E-01	0.5	3.42E+00	0.0004	0	0	0	0
"Rpl14"	"1422128_at"	373	0	-2.80E-01	0.5	2.49E+00	0	0	0	0	0
"Ccnt1"	"1419313_at"	374	0	2.79E-01	0.5014	1.55E+00	0.0207	0	0	0	0
"Ptprk"	"1423277_at"	375	0	2.77E-01	0.5043	1.77E+00	0.0002	0	0	0	0
"Wasl"	"1426776_at"	376	0	-2.77E-01	0.5043	4.78E+00	0	0	0	0	0
"Stmn1"	"1415849_s_at"	377	0	2.77E-01	0.5043	2.45E+00	0	0	0	0	0
"Vps37b"	"1424380_at"	378	0	2.74E-01	0.5086	5.80E+00	0	0	0	0	0
"Prkd2"	"1437509_x_at"	379	0	2.73E-01	0.5101	2.40E+00	0	0	0	0	0
"Gpr137b /// LOC664862 /// LOC673335"	"1429775_a_at"	380	0	2.72E-01	0.5115	2.55E+00	0.0271	0	0	0	0
"Ttc14"	"1426544_a_at"	381	0	2.71E-01	0.513	1.82E+00	0.0003	0	0	0	0
"Otud7b"	"1429139_at"	382	0	2.71E-01	0.513	2.41E+00	0.0207	0	0	0	0
"Emp3"	"1417104_at"	383	0	-2.70E-01	0.5144	2.09E+00	0	0	0	0	0
"---"	"1445689_at"	384	0	2.68E-01	0.5174	4.22E+00	0.0001	0	0	0	0
"Wdr21"	"1424777_at"	385	0	-2.67E-01	0.5188	1.68E+00	0.0003	0	0	0	0
"Tcrb-V13 /// LOC665506 /// LOC669847 /// LOC674048"	"1425226_x_at"	386	0	-2.66E-01	0.5203	1.65E+00	0	0	0	0	0
"Adm"	"1416077_at"	387	0	-2.66E-01	0.5203	1.81E+01	0	0	1	0	0
"Bub1b"	"1416961_at"	388	0	2.64E-01	0.5232	1.65E+00	0	0	0	0	0
"Gyg"	"1448429_at"	389	0	2.63E-01	0.5247	2.20E+00	0	0	0	0	0
"Rfc4"	"1424321_at"	390	0	2.63E-01	0.5247	2.31E+00	0	0	0	0	0
"Pstpip2"	"1421410_a_at"	391	0	2.63E-01	0.5247	1.74E+00	0.0003	0	0	0	0
"Eif4a2"	"1450934_at"	392	0	2.63E-01	0.5247	3.87E+00	0.0001	0	0	0	0
"Nedd9"	"1450767_at"	393	26.3868	2.62E-01	0.5262	3.86E+00	0	0	0	1	0
"Pml"	"1448757_at"	394	0	2.62E-01	0.5262	2.45E+00	0	0	0	0	0
"Rassf1"	"1448855_at"	395	0	2.60E-01	0.5292	3.17E+00	0	0	0	0	0
"9030617O03Rik"	"1424226_at"	396	0	2.57E-01	0.5336	2.96E+00	0	0	0	0	0
"Fubp1"	"1437543_at"	397	0	-2.57E-01	0.5336	1.55E+00	0.0006	0	0	0	0
"Akr1b3"	"1456590_x_at"	398	0	-2.57E-01	0.5336	3.50E+00	0.0022	0	0	0	0
"2310042E22Rik"	"1423494_at"	399	0	-2.56E-01	0.5351	5.58E+00	0	0	0	0	0
"Slc20a1"	"1448568_a_at"	400	0	-2.56E-01	0.5351	7.28E+00	0	0	0	1	0
"Errfi1"	"1416129_at"	401	16.67	-2.54E-01	0.5381	2.64E+00	0	0	0	1	0
"Rabl4"	"1434299_x_at"	402	0	2.54E-01	0.5381	2.60E+00	0	0	0	0	0
"C81072"	"1442976_at"	403	0	-2.54E-01	0.5381	3.86E+00	0.0013	0	0	0	0
"Smad7"	"1423389_at"	404	36.4223	-2.53E-01	0.5396	2.13E+00	0	0	0	1	0
"9430010O03Rik"	"1433598_at"	405	0	2.52E-01	0.5411	1.52E+00	0.0174	0	0	0	0
"Wasl"	"1452193_a_at"	406	0	2.51E-01	0.5426	3.31E+00	0	0	0	0	0
"Psrc1"	"1417323_at"	407	28.9638	-2.51E-01	0.5426	6.91E+00	0	0	0	0	0
"C1qdc2"	"1417393_a_at"	408	0	2.50E-01	0.5441	2.45E+00	0.0003	0	0	0	0
"Exoc4"	"1422686_s_at"	409	0	-2.49E-01	0.5456	1.73E+00	0	0	0	1	0
"Casp3"	"1449839_at"	410	0	2.48E-01	0.5471	4.20E+00	0	0	0	0	0
"3200002M19Rik"	"1424328_s_at"	411	0	2.48E-01	0.5471	1.74E+00	0.0099	0	0	0	0
"Atp12a"	"1449475_at"	412	0	-2.46E-01	0.5501	1.59E+00	0	0	0	0	0
"Rabl4"	"1435736_x_at"	413	0	2.45E-01	0.5516	2.67E+00	0.0001	0	0	0	0
"Malat1"	"1427285_s_at"	414	0	2.44E-01	0.5531	1.91E+01	0	0	0	0	0
"Pdcd6ip"	"1415937_s_at"	415	0	-2.44E-01	0.5531	1.89E+00	0.0002	0	0	0	0
"Ptrf"	"1424130_a_at"	416	0	-2.43E-01	0.5546	1.77E+00	0	0	0	0	0
"Cttnbp2nl"	"1449300_at"	417	0	-2.43E-01	0.5546	2.94E+00	0	0	0	0	0
"1500011H22Rik"	"1424192_at"	418	0	-2.43E-01	0.5546	4.63E+00	0	0	0	0	0
"Slc40a1"	"1448566_at"	419	0	2.39E-01	0.5607	2.19E+00	0.0015	0	0	0	0
"Rfc5"	"1452917_at"	420	0	2.38E-01	0.5622	1.78E+00	0	0	0	0	0
"Dusp1"	"1448830_at"	421	0	-2.38E-01	0.5622	1.68E+01	0	0	1	1	0
"Ptp4a3"	"1418181_at"	422	0	-2.34E-01	0.5684	3.70E+00	0	0	0	0	0
"Lgals1"	"1455439_a_at"	423	0	-2.34E-01	0.5684	2.09E+00	0.0164	0	0	0	0
"Cidea"	"1417956_at"	424	0	-2.32E-01	0.5714	1.32E+01	0	0	1	0	0
"Rnf26 /// LOC668155 /// LOC669536"	"1436824_x_at"	425	0	-2.32E-01	0.5714	3.44E+00	0	0	0	0	0
"Hdac1"	"1448246_at"	426	0	2.32E-01	0.5714	1.58E+00	0	0	0	0	0
"Wnt4"	"1450782_at"	427	0	-2.32E-01	0.5714	3.16E+00	0	1	0	0	0
"Ifitm3"	"1423754_at"	428	0	-2.32E-01	0.5714	4.39E+00	0.006	0	0	0	0
"Atp1b1"	"1439036_a_at"	429	0	2.32E-01	0.5714	4.35E+00	0	0	0	1	0
"Rsu1"	"1419259_at"	430	0	-2.31E-01	0.573	2.14E+00	0	0	0	0	0
"A630051L19Rik"	"1455134_at"	431	0	2.31E-01	0.573	1.86E+00	0.0482	0	0	0	0
"Gadd45g"	"1453851_a_at"	432	0	2.31E-01	0.573	2.76E+00	0	0	0	0	0
"Pqlc3"	"1424906_at"	433	0	-2.30E-01	0.5745	5.11E+00	0.0016	0	0	0	0
"Ctsb"	"1417490_at"	434	24.124	2.30E-01	0.5745	2.23E+00	0	0	0	0	0
"Cdc2a"	"1448314_at"	435	0	2.29E-01	0.5761	1.63E+00	0.0124	0	0	0	0
"Pthlh"	"1427527_a_at"	436	0	2.29E-01	0.5761	2.54E+00	0	0	1	0	0
"Nupr1"	"1419666_x_at"	437	0	-2.28E-01	0.5776	7.26E+00	0.0181	1	0	1	0
"Cxcl2"	"1449984_at"	438	0	2.28E-01	0.5776	3.12E+00	0	0	0	0	0
"Spbc25"	"1424118_a_at"	439	0	2.28E-01	0.5776	4.83E+00	0.0032	0	0	0	0
"2310020A21Rik"	"1429457_at"	440	0	-2.27E-01	0.5792	4.89E+00	0	0	0	0	0
"Csf2"	"1427429_at"	441	0	-2.25E-01	0.5823	1.78E+00	0	0	0	0	0
"Lmbrd1"	"1451622_at"	442	0	2.24E-01	0.5838	2.33E+00	0	0	0	0	0
"Ctgf"	"1416953_at"	443	0	-2.24E-01	0.5838	8.88E+00	0.0005	0	0	0	0
"Bax"	"1416837_at"	444	0	-2.22E-01	0.5869	2.02E+00	0.0003	0	0	0	0
"Isoc1"	"1425051_at"	445	0	2.21E-01	0.5885	1.54E+00	0.0456	0	0	0	0
"Pacsin3"	"1416995_at"	446	0	2.18E-01	0.5932	4.17E+00	0.0002	0	0	0	0
"Rpl15"	"1434328_at"	447	0	-2.18E-01	0.5932	3.02E+00	0.0023	0	0	0	0
"Atp6ap2"	"1439456_x_at"	448	0	2.18E-01	0.5932	2.37E+00	0.0001	0	0	0	0
"3110023B02Rik"	"1424533_a_at"	449	0	2.15E-01	0.5979	2.64E+00	0.0177	0	0	0	0
"Fuca1"	"1416109_at"	450	0	-2.15E-01	0.5979	2.00E+00	0	0	0	0	0
"Mrpl13"	"1435966_x_at"	451	0	-2.14E-01	0.5995	1.54E+00	0.0003	0	0	0	0
"Ptges"	"1449449_at"	452	58.3073	-2.12E-01	0.6026	1.61E+00	0.0056	1	0	0	0
"Timp3"	"1449334_at"	453	55.5025	2.11E-01	0.6042	2.67E+00	0.0158	0	0	1	0
"Cdc42ep3"	"1450700_at"	454	13.7027	2.09E-01	0.6073	3.62E+00	0	0	0	0	0
"Trim16"	"1452362_at"	455	22.6782	2.08E-01	0.6089	2.14E+00	0.009	0	0	0	0
"Rxra"	"1454773_at"	456	0	-2.08E-01	0.6089	3.94E+00	0	0	0	0	0
"Gmnn"	"1417506_at"	457	0	2.08E-01	0.6089	2.42E+00	0	0	0	0	0
"Cav1"	"1449145_a_at"	458	0	-2.07E-01	0.6105	2.24E+00	0.0001	0	0	1	0
"Peg3"	"1417356_at"	459	0	-2.07E-01	0.6105	1.51E+01	0	0	0	0	0
"Rpa2"	"1416433_at"	460	0	2.06E-01	0.6121	1.50E+00	0.0001	0	0	0	0
"Eif2s2"	"1441023_at"	461	0	2.06E-01	0.6121	5.45E+00	0.0161	0	0	0	0
"Ndn"	"1455792_x_at"	462	0	2.04E-01	0.6153	3.01E+00	0	0	0	0	0
"Ripk3"	"1448449_at"	463	0	2.04E-01	0.6153	1.97E+00	0	0	0	0	0
"8430406I07Rik"	"1429620_at"	464	0	-2.03E-01	0.6169	2.05E+00	0.0005	0	0	0	0
"Zfand6"	"1422032_a_at"	465	0	-2.03E-01	0.6169	1.78E+00	0	0	0	0	0
"Foxm1 /// Pebp1 /// 4933413G19Rik"	"1453107_s_at"	466	12.6187	2.02E-01	0.6185	2.72E+00	0	0	0	0	0
"Mal2"	"1427042_at"	467	0	2.02E-01	0.6185	1.68E+00	0.0095	0	0	0	0
"Prnp"	"1416130_at"	468	0	-2.01E-01	0.6201	2.08E+00	0.0023	0	0	0	0
"Rp9h"	"1418277_at"	469	0	2.01E-01	0.6201	1.77E+00	0.036	0	0	0	0
"Pmm1"	"1430780_a_at"	470	0	2.01E-01	0.6201	2.23E+00	0.0001	0	0	0	0
"1110058L19Rik"	"1418327_at"	471	0	-2.00E-01	0.6217	2.74E+00	0.0001	0	0	0	0
"Rnpc2"	"1438398_at"	472	0	2.00E-01	0.6217	6.94E+00	0.0158	0	0	0	0
"Gtpbp2"	"1416691_at"	473	0	2.00E-01	0.6217	3.51E+00	0.0047	0	0	0	0
"Ptgs2"	"1417262_at"	474	0	-2.00E-01	0.6217	2.29E+01	0	0	0	0	0
"Cst7"	"1419202_at"	475	0	-1.99E-01	0.6233	1.50E+00	0.0066	0	0	0	0
"Fen1"	"1421731_a_at"	476	0	1.99E-01	0.6233	1.66E+00	0	0	0	0	0
"Hspb8"	"1417014_at"	477	35.106	-1.99E-01	0.6233	2.90E+00	0.0101	0	0	0	0
"Tubg1"	"1417144_at"	478	0	-1.99E-01	0.6233	2.34E+00	0	0	0	0	0
"Pus3"	"1418491_a_at"	479	0	1.99E-01	0.6233	1.70E+00	0.0073	0	0	0	1
"D2Ertd750e"	"1423463_a_at"	480	0	1.98E-01	0.6249	3.02E+00	0.0002	0	0	0	0
"Rnase1"	"1416523_at"	481	0	-1.98E-01	0.6249	5.54E+00	0.0002	0	0	0	0
"Slc6a14"	"1420503_at"	482	0	-1.97E-01	0.6265	4.90E+00	0	0	1	0	0
"5730494M16Rik"	"1428189_at"	483	0	1.97E-01	0.6265	2.19E+00	0	0	0	0	0
"6330407G11Rik"	"1416911_a_at"	484	28.1925	1.96E-01	0.6281	2.11E+00	0	0	0	0	0
"BB146404"	"1424680_at"	485	0	1.96E-01	0.6281	1.50E+00	0	0	0	0	0
"Ube2t"	"1422462_at"	486	0	1.96E-01	0.6281	1.90E+00	0.0034	0	0	0	0
"Tspo"	"1456251_x_at"	487	0	-1.96E-01	0.6281	1.52E+00	0	0	0	0	0
"Lgals1"	"1419573_a_at"	488	0	-1.95E-01	0.6297	2.09E+00	0.0069	0	0	0	0
"Pvr"	"1423905_at"	489	0	-1.95E-01	0.6297	3.79E+00	0	0	0	0	0
"5730596K20Rik"	"1451376_at"	490	0	1.95E-01	0.6297	1.74E+00	0.0247	0	0	0	0
"Tcrb-V13"	"1426159_x_at"	491	0	-1.95E-01	0.6297	2.13E+00	0	0	0	0	0
"Ubap1"	"1423185_a_at"	492	0	1.94E-01	0.6313	1.88E+00	0	0	0	0	0
"Il1rn"	"1425663_at"	493	11.121	-1.93E-01	0.6329	2.99E+00	0	0	1	1	0
"Spr"	"1432372_a_at"	494	0	1.93E-01	0.6329	2.21E+00	0.0014	0	0	0	0
"Nt5c3"	"1451050_at"	495	0	-1.92E-01	0.6345	4.71E+00	0.0012	0	0	0	0
"Dtymk"	"1452681_at"	496	0	1.92E-01	0.6345	2.83E+00	0	0	0	0	0
"Elovl7"	"1424097_at"	497	0	1.92E-01	0.6345	4.83E+00	0	0	0	1	0
"Nat6"	"1419213_at"	498	0	1.91E-01	0.6361	2.49E+00	0.0001	0	0	0	0
"Rai14"	"1417401_at"	499	0	1.91E-01	0.6361	2.27E+00	0.0001	0	0	0	0
"Nek2"	"1417299_at"	500	0	-1.90E-01	0.6377	1.77E+00	0.0137	0	0	0	0
"Prim1"	"1449061_a_at"	501	0	1.90E-01	0.6377	1.77E+00	0.0006	0	0	0	0
"Stambpl1"	"1418546_a_at"	502	0	-1.89E-01	0.6394	2.45E+00	0	0	0	0	0
"Tm2d2"	"1456663_x_at"	503	0	-1.89E-01	0.6394	2.44E+00	0.0242	0	0	0	0
"Trim25"	"1419879_s_at"	504	0	1.88E-01	0.641	1.71E+00	0	0	0	0	0
"0610010E21Rik"	"1433936_at"	505	0	-1.88E-01	0.641	2.77E+00	0	0	0	0	0
"Ckap2"	"1434748_at"	506	0	-1.87E-01	0.6426	6.37E+00	0	0	0	0	0
"Cryab"	"1416455_a_at"	507	0	-1.85E-01	0.6458	7.68E+00	0	0	1	0	0
"Parp1"	"1435368_a_at"	508	0	1.85E-01	0.6458	2.19E+00	0.0013	0	0	0	0
"Gtse1"	"1416969_at"	509	0	1.84E-01	0.6475	2.87E+00	0	0	0	0	0
"Ccne1"	"1416492_at"	510	0	1.83E-01	0.6491	2.63E+00	0	0	0	0	0
"Cyp2b10"	"1425645_s_at"	511	51.7961	-1.83E-01	0.6491	2.35E+00	0.0044	0	0	0	0
"Trib1"	"1424880_at"	512	0	1.83E-01	0.6491	3.94E+00	0	0	0	0	0
"Slc25a10"	"1416954_at"	513	0	-1.83E-01	0.6491	2.35E+00	0	0	0	0	0
"---"	"1436839_at"	514	0	1.82E-01	0.6507	4.27E+00	0.0212	0	0	0	0
"5830411E10Rik"	"1426806_at"	515	0	-1.82E-01	0.6507	4.64E+00	0	0	0	0	0
"Plk3"	"1434496_at"	516	0	-1.81E-01	0.6524	1.11E+01	0	0	0	0	0
"Kif2c /// LOC631653"	"1449060_at"	517	0	1.80E-01	0.654	2.13E+00	0.0093	0	0	0	0
"Papss1"	"1415890_at"	518	0	-1.80E-01	0.654	2.93E+00	0.002	0	0	0	0
"Ldhb"	"1448237_x_at"	519	0	-1.79E-01	0.6556	3.83E+00	0	0	0	0	0
"Rnf11"	"1426405_at"	520	0	-1.78E-01	0.6573	1.74E+00	0.0001	0	0	0	0
"Chek2"	"1422747_at"	521	0	1.74E-01	0.6638	3.35E+00	0	0	0	0	0
"Hmgb3"	"1416155_at"	522	0	1.74E-01	0.6638	1.81E+00	0	0	0	0	0
"Jmy"	"1420639_at"	523	0	1.73E-01	0.6655	3.58E+00	0	0	0	0	0
"Rrm2"	"1416120_at"	524	27.8688	1.73E-01	0.6655	3.26E+00	0	0	0	0	0
"D530037H12Rik"	"1437917_at"	525	0	-1.70E-01	0.6704	5.16E+00	0.0067	0	0	0	0
"E230022H04Rik"	"1460450_at"	526	0	1.70E-01	0.6704	1.84E+00	0	0	0	0	0
"Dnajb6"	"1434035_at"	527	0	-1.69E-01	0.6721	1.73E+00	0.0304	0	0	0	0
"Ccnl1"	"1423622_a_at"	528	0	1.69E-01	0.6721	4.04E+00	0.0473	0	0	0	0
"Cd68"	"1449164_at"	529	0	-1.69E-01	0.6721	2.23E+00	0.0002	0	0	0	0
"Atp6ap2"	"1437688_x_at"	530	0	1.68E-01	0.6737	2.18E+00	0.0155	0	0	0	0
"Hnrpu"	"1434390_at"	531	0	1.66E-01	0.677	5.66E+00	0.0106	0	0	1	0
"Nxn"	"1422466_at"	532	0	1.66E-01	0.677	4.24E+00	0	0	0	0	0
"Atp6v0b"	"1416769_s_at"	533	0	-1.63E-01	0.682	2.29E+00	0	0	0	0	0
"Otud5"	"1453865_a_at"	534	0	-1.63E-01	0.682	2.73E+00	0	0	0	0	0
"2810433K01Rik"	"1450496_a_at"	535	0	-1.63E-01	0.682	1.69E+00	0.0112	0	0	0	0
"Kctd1"	"1422293_a_at"	536	0	-1.63E-01	0.682	2.10E+00	0	0	0	0	0
"Pbx2"	"1418893_at"	537	0	1.63E-01	0.682	1.98E+00	0	0	0	0	0
"Mrpl41"	"1428588_a_at"	538	0	1.60E-01	0.687	1.82E+00	0.0084	0	0	0	0
"Ndn"	"1437853_x_at"	539	0	1.60E-01	0.687	1.97E+00	0	0	0	0	0
"Ccdc53"	"1452721_a_at"	540	0	1.60E-01	0.687	2.15E+00	0	0	0	0	0
"Mdn1"	"1417675_a_at"	541	0	1.60E-01	0.687	1.66E+00	0	0	0	0	0
"Pstpip2"	"1455405_at"	542	0	-1.60E-01	0.687	1.88E+00	0.0328	0	0	0	0
"Arid5a"	"1451340_at"	543	0	1.58E-01	0.6903	2.71E+00	0.0022	0	0	1	0
"Malat1"	"1452378_at"	544	0	1.58E-01	0.6903	1.15E+01	0	0	0	0	0
"Cdc20"	"1416664_at"	545	0	1.57E-01	0.692	2.90E+00	0.0008	0	0	0	0
"9530008L14Rik"	"1427957_at"	546	0	1.57E-01	0.692	2.00E+00	0	0	0	0	0
"Tspan3"	"1416009_at"	547	0	1.57E-01	0.692	2.26E+00	0.0204	0	0	0	0
"Defb3"	"1421806_at"	548	0	1.55E-01	0.6953	2.14E+00	0.0009	0	0	0	0
"C1galt1"	"1450745_at"	549	0	1.54E-01	0.697	1.64E+00	0.0027	0	0	1	0
"Egr2"	"1427683_at"	550	0	-1.52E-01	0.7003	2.67E+01	0	0	0	0	0
"1600029D21Rik"	"1423933_a_at"	551	0	-1.50E-01	0.7037	7.75E+00	0	0	0	0	0
"Lpin2"	"1452837_at"	552	19.318	-1.50E-01	0.7037	2.06E+00	0.0079	0	0	0	0
"Ube2c"	"1452954_at"	553	0	-1.50E-01	0.7037	3.57E+00	0	0	0	0	0
"Phtf2"	"1437067_at"	554	0	-1.50E-01	0.7037	3.69E+00	0.0023	0	0	0	0
"Jmy"	"1420640_at"	555	0	-1.49E-01	0.7054	4.57E+00	0	0	0	0	0
"Chl1"	"1417795_at"	556	0	1.48E-01	0.7071	3.11E+00	0	0	0	0	0
"Sox9"	"1451538_at"	557	0	1.48E-01	0.7071	3.53E+00	0	0	1	0	0
"Gpr180"	"1417245_at"	558	0	1.45E-01	0.7121	1.73E+00	0	0	0	0	0
"Atp6v0b"	"1437013_x_at"	559	0	1.45E-01	0.7121	3.03E+00	0	0	0	0	0
"Ngfb"	"1419675_at"	560	0	1.45E-01	0.7121	2.54E+00	0	0	0	1	0
"Casp3"	"1426165_a_at"	561	0	1.43E-01	0.7155	2.12E+00	0.0009	0	0	0	0
"Slc15a1"	"1419343_at"	562	0	1.42E-01	0.7172	8.40E+00	0	0	0	1	0
"Tmem19"	"1416261_at"	563	19.3466	1.42E-01	0.7172	2.61E+00	0.0009	0	0	0	0
"Isoc1"	"1425053_at"	564	0	-1.42E-01	0.7172	2.07E+00	0	0	0	0	0
"Tsc22d1"	"1425742_a_at"	565	48.877	1.42E-01	0.7172	2.07E+00	0.0001	0	0	0	0
"D4Wsu53e"	"1448538_a_at"	566	0	-1.42E-01	0.7172	1.53E+00	0	0	0	0	0
"Gpsm2"	"1424895_at"	567	0	1.41E-01	0.7189	3.43E+00	0	0	0	0	0
"Mad2l1"	"1422460_at"	568	0	-1.39E-01	0.7223	3.27E+00	0	0	0	0	0
"Stam2"	"1416975_at"	569	0	-1.37E-01	0.7257	1.72E+00	0.0424	0	0	0	0
"Ccnb2"	"1450920_at"	570	0	1.37E-01	0.7257	6.92E+00	0	0	0	0	0
"Padi4 /// LOC670543"	"1422760_at"	571	0	1.35E-01	0.7291	2.35E+00	0.0256	0	0	0	0
"1810015C04Rik"	"1424683_at"	572	0	1.35E-01	0.7291	3.43E+00	0	0	0	1	0
"Arl4a"	"1431429_a_at"	573	0	1.34E-01	0.7308	3.30E+00	0	0	0	0	0
"Akr1b8"	"1448894_at"	574	0	-1.34E-01	0.7308	2.21E+00	0	0	0	0	0
"Col4a3bp"	"1449847_a_at"	575	0	1.33E-01	0.7325	2.38E+00	0.0002	0	0	0	0
"Rhou"	"1449027_at"	576	0	-1.33E-01	0.7325	2.44E+00	0	0	0	0	0
"Suv420h1"	"1455171_at"	577	0	1.32E-01	0.7342	3.38E+00	0.0001	0	0	0	0
"3300001G02Rik"	"1428004_at"	578	0	-1.32E-01	0.7342	1.67E+00	0.0064	0	0	0	0
"Cdca3"	"1452040_a_at"	579	0	-1.31E-01	0.7359	6.49E+00	0	0	0	0	0
"Gatad1"	"1425599_a_at"	580	0	1.31E-01	0.7359	1.65E+00	0	0	0	0	0
"Dusp19"	"1448922_at"	581	0	1.30E-01	0.7376	2.62E+00	0	0	0	0	0
"1200006F02Rik"	"1451486_at"	582	0	1.29E-01	0.7393	2.36E+00	0.0146	0	0	0	0
"Atf5"	"1425927_a_at"	583	0	-1.29E-01	0.7393	3.00E+00	0	0	0	0	0
"Higd1a"	"1416480_a_at"	584	0	-1.29E-01	0.7393	2.58E+00	0.0282	0	0	0	0
"Ppgb"	"1448128_at"	585	0	-1.28E-01	0.741	3.37E+00	0	0	0	0	0
"Nos3as"	"1434092_at"	586	0	-1.28E-01	0.741	4.34E+00	0.0056	0	0	0	0
"Ces5"	"1427137_at"	587	0	1.27E-01	0.7427	7.08E+00	0.0394	0	0	0	0
"Hspb8"	"1456434_x_at"	588	35.106	1.25E-01	0.7461	3.02E+00	0.0002	0	0	0	0
"Dtymk"	"1449116_a_at"	589	0	1.24E-01	0.7478	3.16E+00	0.0001	0	0	0	0
"Aurkb"	"1451246_s_at"	590	23.3629	1.24E-01	0.7478	1.93E+00	0.0002	0	0	0	0
"0610009B22Rik"	"1418083_at"	591	0	1.23E-01	0.7496	1.79E+00	0.0069	0	0	0	0
"3230401D17Rik"	"1416856_at"	592	0	-1.23E-01	0.7496	3.33E+00	0	0	0	0	0
"Pcdh1"	"1452294_at"	593	0	1.22E-01	0.7513	7.51E+00	0	0	0	0	0
"Cyp2b10"	"1422257_s_at"	594	51.7961	1.22E-01	0.7513	1.66E+00	0.0001	0	0	0	0
"Klf6"	"1418280_at"	595	30.8729	-1.21E-01	0.753	8.61E+00	0	0	0	0	0
"Ccnb1-rs1 /// Ccnb1"	"1448205_at"	596	0	1.21E-01	0.753	2.19E+00	0.0001	0	0	0	0
"Emp2"	"1425273_s_at"	597	31.1801	-1.18E-01	0.7582	1.52E+00	0.0054	1	0	0	0
"Hadhsc"	"1455972_x_at"	598	25.2709	1.18E-01	0.7582	2.32E+00	0	0	0	0	0
"Pard6g"	"1420851_at"	599	150.8457	1.16E-01	0.7616	1.74E+00	0.0334	0	0	1	0
"Cryab"	"1434369_a_at"	600	0	-1.16E-01	0.7616	4.53E+00	0	0	1	0	0
"Idh1"	"1422433_s_at"	601	20.8367	1.15E-01	0.7633	2.22E+00	0	0	0	0	0
"Vim"	"1456292_a_at"	602	14.9271	1.15E-01	0.7633	1.87E+00	0.0001	0	0	0	0
"Brrn1"	"1436707_x_at"	603	31.4708	1.13E-01	0.7668	1.67E+00	0.0001	0	0	0	0
"Atp6v1b2"	"1415814_at"	604	0	-1.12E-01	0.7685	2.00E+00	0	0	0	0	0
"Clk4"	"1422886_a_at"	605	0	1.11E-01	0.7702	3.29E+00	0.0002	0	0	1	0
"Tnfrsf18"	"1422303_a_at"	606	20.5398	1.11E-01	0.7702	7.91E+00	0	0	0	0	0
"Alcam"	"1426300_at"	607	44.3361	-1.10E-01	0.772	3.09E+00	0	0	0	1	0
"Slc2a9"	"1426568_at"	608	58.7028	-1.09E-01	0.7737	1.59E+00	0.034	0	0	0	0
"Cldn1"	"1437932_a_at"	609	69.5186	-1.09E-01	0.7737	2.59E+00	0	0	1	1	0
"Nt5dc2"	"1424882_a_at"	610	0	1.08E-01	0.7754	1.83E+00	0	0	0	0	0
"Rnf185"	"1451108_at"	611	28.6403	-1.07E-01	0.7772	1.55E+00	0.0033	0	0	1	0
"Oat"	"1416452_at"	612	0	1.06E-01	0.7789	1.64E+00	0	0	0	1	0
"Depdc7"	"1424303_at"	613	43.0549	-1.05E-01	0.7806	3.97E+00	0	0	0	0	0
"Efhd1"	"1448507_at"	614	70.1908	1.05E-01	0.7806	2.52E+00	0.0001	0	0	0	0
"Tpp2"	"1430576_at"	615	0	1.05E-01	0.7806	3.02E+00	0	0	0	1	0
"Arih1"	"1427189_at"	616	0	1.04E-01	0.7824	2.13E+00	0.0001	0	0	0	0
"Gpsm1"	"1423689_a_at"	617	0	1.04E-01	0.7824	2.89E+00	0	0	0	0	0
"Fbxl10"	"1452198_at"	618	73.1319	1.03E-01	0.7841	1.70E+00	0.0409	0	0	0	0
"Grhpr"	"1417772_at"	619	0	-1.03E-01	0.7841	2.29E+00	0	0	0	0	0
"Crb3"	"1424809_at"	620	0	1.02E-01	0.7859	2.32E+00	0.0482	0	0	0	0
"Tor2a"	"1438547_x_at"	621	0	1.02E-01	0.7859	1.89E+00	0.0002	0	0	0	0
"Usp2"	"1417169_at"	622	21.9374	1.01E-01	0.7876	2.73E+00	0	0	0	0	0
"Bmyc"	"1428669_at"	623	10.4518	1.01E-01	0.7876	1.68E+00	0.0132	0	0	0	0
"Tsc22d1"	"1433899_x_at"	624	48.877	9.98E-02	0.7897	2.15E+00	0	0	0	0	0
"Acpp"	"1453943_a_at"	625	13.8698	9.93E-02	0.7906	7.91E+00	0	0	0	1	0
"Mnt"	"1418192_at"	626	0	9.84E-02	0.7921	1.84E+00	0.0003	0	0	0	0
"Ssbp4"	"1449511_a_at"	627	0	9.81E-02	0.7927	1.86E+00	0.0011	0	0	0	0
"2310022K01Rik"	"1452715_at"	628	0	9.72E-02	0.7942	1.56E+00	0	0	0	0	0
"Slc45a3"	"1426663_s_at"	629	0	-9.53E-02	0.7975	2.67E+00	0.0009	0	0	0	0
"Zc3h7a"	"1419898_s_at"	630	11.17	9.50E-02	0.7981	1.82E+00	0.0402	0	0	1	0
"Wnt10a"	"1460657_at"	631	14.0736	-9.48E-02	0.7984	3.16E+00	0	0	0	0	0
"Adfp"	"1448318_at"	632	11.9429	9.32E-02	0.8012	3.66E+00	0	0	0	0	0
"Leprotl1"	"1423552_at"	633	0	9.24E-02	0.8026	3.10E+00	0	0	0	0	0
"Ippk"	"1438019_at"	634	0	-9.22E-02	0.803	2.40E+00	0	0	0	0	0
"Ctsb"	"1448732_at"	635	24.124	-9.13E-02	0.8045	3.21E+00	0	0	0	0	0
"Mgst2"	"1452592_at"	636	59.9057	-9.11E-02	0.8049	4.40E+00	0	0	0	0	0
"Atp7a"	"1436921_at"	637	10.9543	-9.06E-02	0.8058	4.19E+00	0	0	0	0	0
"Hbegf"	"1418349_at"	638	27.7752	9.04E-02	0.8061	4.17E+00	0	1	0	1	0
"Pvr"	"1423904_a_at"	639	0	8.99E-02	0.807	8.82E+00	0	0	0	0	0
"Dexi"	"1460174_at"	640	0	-8.94E-02	0.8079	2.79E+00	0	0	0	0	0
"Ccrk"	"1422494_s_at"	641	0	-8.80E-02	0.8103	2.75E+00	0	0	0	0	0
"Mosc2"	"1416766_at"	642	18.3807	8.70E-02	0.8121	2.00E+00	0	0	0	0	0
"Mrps24"	"1438563_s_at"	643	0	-8.69E-02	0.8123	2.84E+00	0.0029	0	0	0	0
"Nab2"	"1417930_at"	644	11.0643	-8.66E-02	0.8128	2.17E+00	0	0	0	0	0
"Dusp10"	"1417163_at"	645	21.7732	8.59E-02	0.814	7.19E+00	0	0	0	0	0
"B3gnt1"	"1452346_at"	646	29.0987	-8.52E-02	0.8152	1.57E+00	0.0045	0	0	0	0
"Ogt"	"1436780_at"	647	38.9913	8.47E-02	0.8161	1.81E+00	0	0	0	0	0
"Srfbp1"	"1420509_at"	648	10.5784	8.45E-02	0.8165	2.47E+00	0	0	0	0	0
"D9Ertd306e"	"1442484_at"	649	11.468	8.44E-02	0.8166	5.79E+00	0	0	0	0	0
"Kif20a"	"1449207_a_at"	650	0	-8.39E-02	0.8175	8.36E+00	0	0	0	0	0
"Foxc1"	"1419485_at"	651	0	-8.28E-02	0.8195	3.50E+00	0	0	0	0	0
"Actr1b"	"1426403_at"	652	0	-8.26E-02	0.8198	1.55E+00	0	0	0	0	0
"Gpsm1"	"1436917_s_at"	653	0	-8.21E-02	0.8207	6.62E+00	0.0013	0	0	0	0
"Sqstm1"	"1450957_a_at"	654	0	8.14E-02	0.8219	6.06E+00	0.007	0	0	0	0
"Tm2d2"	"1439234_a_at"	655	0	-8.14E-02	0.8219	1.79E+00	0.0347	0	0	0	0
"Tgif"	"1422286_a_at"	656	0	8.13E-02	0.8221	2.34E+00	0	0	0	0	0
"Abhd4"	"1416315_at"	657	21.7681	-8.12E-02	0.8223	1.76E+00	0	0	0	0	0
"Dut"	"1419270_a_at"	658	0	8.04E-02	0.8237	2.79E+00	0	0	0	0	0
"Rrm2"	"1448226_at"	659	27.8688	7.95E-02	0.8253	3.84E+00	0	0	0	0	0
"Ndn"	"1438978_x_at"	660	0	7.94E-02	0.8254	1.81E+00	0	0	0	0	0
"2410015N17Rik"	"1416439_at"	661	0	7.88E-02	0.8265	1.75E+00	0	0	0	0	0
"Cdc20"	"1439377_x_at"	662	0	7.73E-02	0.8292	2.73E+00	0.0174	0	0	0	0
"Rnf12"	"1418730_at"	663	0	7.72E-02	0.8293	3.22E+00	0.0036	0	0	0	0
"Akr1b3 /// LOC235852 /// LOC382486 /// LOC385448 /// LOC385495 /// LOC672268"	"1448319_at"	664	0	7.67E-02	0.8302	4.14E+00	0	0	0	0	0
"Echs1"	"1452341_at"	665	18.258	-7.58E-02	0.8318	1.81E+00	0	0	0	0	0
"Sulf2"	"1430388_a_at"	666	17.6536	7.56E-02	0.8322	2.28E+00	0	0	0	0	0
"Dcxr"	"1419456_at"	667	26.9506	-7.56E-02	0.8322	7.93E+00	0	0	0	0	0
"Acpp"	"1419832_s_at"	668	13.8698	-7.49E-02	0.8334	6.02E+00	0	0	0	1	0
"Tpx2"	"1428104_at"	669	17.5229	7.44E-02	0.8343	1.69E+00	0.0022	0	0	1	0
"Lass2"	"1423955_a_at"	670	0	-7.37E-02	0.8355	1.54E+00	0	0	0	0	0
"Cpeb4"	"1449931_at"	671	10.1733	-7.32E-02	0.8364	3.90E+00	0.0009	0	0	0	0
"Ppih /// LOC433064 /// LOC629952 /// LOC665989 /// LOC666411 /// LOC669441 /// LOC671009 /// LOC676493"	"1431506_s_at"	672	0	-7.30E-02	0.8367	2.55E+00	0	0	0	0	0
"Itsn2"	"1431772_a_at"	673	54.5055	-7.23E-02	0.838	2.16E+00	0.0287	0	0	0	0
"Wsb1"	"1425241_a_at"	674	13.6742	7.09E-02	0.8405	1.88E+00	0	0	0	0	0
"Pop5"	"1417972_s_at"	675	0	-7.02E-02	0.8417	1.81E+00	0	0	0	0	1
"Klk10"	"1460236_at"	676	0	-7.01E-02	0.8419	3.49E+00	0	0	1	0	0
"Nfib"	"1438244_at"	677	75.2651	6.99E-02	0.8422	2.99E+00	0.0016	0	0	0	0
"Nppb"	"1450791_at"	678	0	6.97E-02	0.8426	1.03E+01	0	0	0	0	0
"LOC545548"	"1456001_at"	679	30.5822	6.88E-02	0.8442	1.05E+01	0	0	0	0	0
"Ldhb"	"1416183_a_at"	680	0	6.66E-02	0.8481	2.61E+00	0	0	0	0	0
"2610039C10Rik"	"1453314_x_at"	681	0	6.56E-02	0.8499	1.85E+00	0.0029	0	0	0	0
"Myo6"	"1421120_at"	682	44.6427	6.50E-02	0.8509	2.06E+00	0	0	0	0	0
"Psrc1"	"1425416_s_at"	683	28.9638	6.30E-02	0.8545	1.73E+00	0	0	0	0	0
"6330407G11Rik"	"1416912_at"	684	28.1925	6.22E-02	0.8559	1.57E+00	0	0	0	0	0
"Pkig"	"1434820_s_at"	685	0	6.19E-02	0.8564	1.86E+00	0.0025	0	0	1	0
"Ctns"	"1416274_at"	686	0	-6.08E-02	0.8584	4.01E+00	0	0	0	0	1
"BC039093"	"1435087_at"	687	0	-6.04E-02	0.8591	5.31E+00	0	0	0	0	0
"Tipin"	"1426612_at"	688	0	-5.92E-02	0.8612	1.98E+00	0	0	0	0	0
"Lmo1"	"1418478_at"	689	26.9061	5.88E-02	0.8619	1.72E+00	0	0	0	1	0
"C1qdc2"	"1439422_a_at"	690	0	-5.88E-02	0.8619	5.18E+00	0.0002	0	0	0	0
"Tk1"	"1416258_at"	691	16.5531	-5.86E-02	0.8623	5.70E+00	0	0	0	0	0
"Casp6"	"1415995_at"	692	14.3139	5.74E-02	0.8644	2.12E+00	0	0	0	0	0
"Evl"	"1434920_a_at"	693	25.3813	5.73E-02	0.8646	1.67E+00	0.0152	0	0	1	0
"Pttg1"	"1424105_a_at"	694	24.9572	5.69E-02	0.8653	7.36E+00	0	0	0	1	0
"Nedd9"	"1422818_at"	695	26.3868	-5.65E-02	0.866	2.42E+00	0.0033	0	0	1	0
"3110001A13Rik"	"1448509_at"	696	41.4459	5.60E-02	0.8669	2.94E+00	0.0076	0	0	0	0
"Scmh1"	"1426241_a_at"	697	48.1563	5.56E-02	0.8676	3.33E+00	0	0	0	0	0
"Cd8b1"	"1448569_at"	698	0	-5.47E-02	0.8692	2.06E+00	0	0	0	0	0
"Errfi1"	"1419816_s_at"	699	16.67	5.44E-02	0.8698	3.19E+00	0.0086	0	0	1	0
"2610039C10Rik"	"1428483_a_at"	700	0	-5.35E-02	0.8714	1.54E+00	0	0	0	0	0
"Phf23"	"1428997_at"	701	0	5.30E-02	0.8723	1.61E+00	0	0	0	0	0
"Efnb2"	"1419638_at"	702	52.0245	-5.14E-02	0.8751	2.49E+00	0	0	0	0	0
"Cnot4"	"1420999_at"	703	19.9316	-5.12E-02	0.8755	2.56E+00	0	0	0	0	0
"Ero1l"	"1419029_at"	704	0	5.04E-02	0.8769	2.96E+00	0	0	0	0	0
"Efnb2"	"1419639_at"	705	52.0245	-4.89E-02	0.8796	2.78E+00	0	0	0	0	0
"Cks1b"	"1448441_at"	706	11.6554	4.77E-02	0.8817	2.53E+00	0	0	0	1	0
"Usp2"	"1417168_a_at"	707	21.9374	4.42E-02	0.888	3.39E+00	0.0012	0	0	0	0
"Hspb8"	"1417013_at"	708	35.106	-4.38E-02	0.8887	2.35E+00	0.0185	0	0	0	0
"Ogt"	"1451738_at"	709	38.9913	4.33E-02	0.8896	1.56E+00	0.0013	0	0	0	0
"Prom1"	"1419700_a_at"	710	16.4333	-4.20E-02	0.8919	3.36E+00	0.0482	0	0	0	0
"2810410M20Rik"	"1423767_at"	711	0	4.15E-02	0.8928	2.09E+00	0	0	0	0	0
"Tubb2a /// Tubb2b /// LOC665524 /// LOC671656"	"1427347_s_at"	712	20.5486	-4.08E-02	0.8941	2.16E+00	0	0	0	0	0
"Tom1 /// LOC545878"	"1435055_a_at"	713	0	-4.06E-02	0.8944	2.00E+00	0	0	0	0	0
"Vcam1"	"1448162_at"	714	17.9644	4.03E-02	0.8949	1.64E+00	0.0099	0	0	0	0
"Hspa5"	"1416064_a_at"	715	0	3.76E-02	0.8998	2.26E+00	0	0	0	0	0
"Tmem19"	"1448275_at"	716	19.3466	3.74E-02	0.9001	2.56E+00	0	0	0	0	0
"1200016E24Rik"	"1452418_at"	717	0	3.72E-02	0.9005	5.42E+00	0	0	0	0	0
"Gusb"	"1448124_at"	718	0	-3.67E-02	0.9014	1.50E+00	0	0	0	0	0
"Ripk4"	"1418488_s_at"	719	126.9226	-3.65E-02	0.9018	1.55E+00	0.031	0	0	0	0
"Plaur"	"1452521_a_at"	720	11.8655	3.60E-02	0.9026	8.45E+00	0	0	0	0	0
"Cyp51"	"1450646_at"	721	0	3.52E-02	0.9041	2.03E+00	0.0046	0	0	0	0
"Zfand2a"	"1449702_at"	722	0	-3.50E-02	0.9044	5.62E+00	0	0	0	0	0
"Pla2g7"	"1430700_a_at"	723	0	-3.48E-02	0.9048	2.08E+00	0	0	1	0	1
"Acad11"	"1454647_at"	724	86.5795	3.47E-02	0.905	3.21E+00	0	0	0	1	0
"Wdr6"	"1415770_at"	725	0	-3.28E-02	0.9084	1.55E+00	0.0012	0	0	0	0
"1190017O12Rik"	"1417402_at"	726	0	3.27E-02	0.9086	1.66E+00	0	0	0	0	0
"Gpsm1"	"1423690_s_at"	727	0	3.18E-02	0.9102	9.96E+00	0	0	0	0	0
"Defb6"	"1421807_at"	728	0	-3.15E-02	0.9107	2.54E+00	0.0001	0	0	0	0
"Hsdl2"	"1426856_at"	729	0	-3.03E-02	0.9129	3.24E+00	0.0078	0	0	0	0
"Peg3"	"1433924_at"	730	0	-2.95E-02	0.9143	1.72E+01	0	0	0	0	0
"Gpr137b /// LOC664862 /// LOC673335"	"1450882_s_at"	731	0	2.90E-02	0.9152	1.94E+00	0.0027	0	0	0	0
"Aaas"	"1451377_a_at"	732	0	2.90E-02	0.9152	2.07E+00	0	0	0	1	0
"Jun"	"1417409_at"	733	19.1492	2.78E-02	0.9174	5.42E+00	0	0	0	1	1
"Ppp1r14a"	"1418086_at"	734	0	2.77E-02	0.9175	1.71E+00	0.0002	0	0	0	0
"Cyb5"	"1416727_a_at"	735	0	2.74E-02	0.9181	2.08E+00	0	0	0	0	0
"Btn1a1"	"1419175_a_at"	736	0	-2.72E-02	0.9184	1.50E+00	0.0334	0	0	0	0
"Ehf"	"1419474_a_at"	737	12.3391	-2.59E-02	0.9208	1.64E+00	0	0	0	1	0
"Kif23"	"1453748_a_at"	738	20.4075	2.53E-02	0.9219	2.71E+00	0.0143	0	0	0	0
"Ero1l"	"1449324_at"	739	0	-2.45E-02	0.9233	2.23E+00	0	0	0	0	0
"Ccnd3"	"1415907_at"	740	0	2.43E-02	0.9237	2.69E+00	0	0	0	0	0
"Foxc1"	"1419486_at"	741	0	-2.40E-02	0.9242	4.31E+00	0	0	0	0	0
"Parva"	"1431375_s_at"	742	54.4943	-2.33E-02	0.9254	2.29E+00	0	0	0	0	0
"Rfwd3"	"1423882_at"	743	32.7134	-2.30E-02	0.926	1.64E+00	0	0	0	0	0
"Tsc22d1"	"1454758_a_at"	744	48.877	2.12E-02	0.9292	2.13E+00	0.0006	0	0	0	0
"Cenpa"	"1450842_a_at"	745	24.3275	-2.10E-02	0.9296	5.37E+00	0	0	0	0	0
"Phlda1"	"1418835_at"	746	12.9774	-2.05E-02	0.9305	3.57E+00	0	0	1	0	0
"Nt5c3l"	"1449633_s_at"	747	0	2.02E-02	0.931	3.00E+00	0	0	0	0	0
"Cpeb2"	"1434272_at"	748	28.1149	1.97E-02	0.9319	6.79E+00	0.0001	0	0	0	0
"Fcgbp"	"1426872_at"	749	0	1.97E-02	0.9319	4.62E+00	0.0012	0	0	0	0
"2210023G05Rik"	"1424968_at"	750	0	-1.93E-02	0.9326	7.81E+00	0.0277	0	0	0	0
"Zfp7"	"1451323_at"	751	11.0705	1.88E-02	0.9335	1.78E+00	0	0	0	0	0
"C1qdc2"	"1448687_at"	752	0	-1.66E-02	0.9375	1.78E+00	0	0	0	0	0
"Cenph"	"1422016_a_at"	753	0	1.65E-02	0.9377	2.75E+00	0	0	0	0	0
"Cdc45l"	"1416575_at"	754	0	1.62E-02	0.9382	1.58E+00	0.0079	0	0	0	0
"Ldhb"	"1434499_a_at"	755	0	1.52E-02	0.94	7.24E+00	0.0001	0	0	0	0
"Tmem9"	"1419557_a_at"	756	0	1.46E-02	0.9411	1.56E+00	0	0	0	0	0
"Clcf1"	"1450262_at"	757	10.8655	1.32E-02	0.9436	1.57E+00	0	0	0	0	0
"Ero1l"	"1419030_at"	758	0	1.31E-02	0.9438	2.73E+00	0	0	0	0	0
"D930016D06Rik"	"1424861_at"	759	0	1.23E-02	0.9452	5.11E+00	0.0387	0	0	0	0
"P2rx4"	"1452527_a_at"	760	0	-1.18E-02	0.9461	2.02E+00	0.0207	0	0	0	0
"Luc7l"	"1431181_a_at"	761	0	-1.17E-02	0.9463	1.84E+00	0.0024	0	0	0	0
"Ass1"	"1416239_at"	762	39.1243	1.13E-02	0.947	4.28E+00	0	0	0	0	0
"Ahr"	"1422631_at"	763	0	-1.09E-02	0.9478	2.49E+00	0.0271	1	1	0	0
"Arg1"	"1419549_at"	764	0	-1.05E-02	0.9485	9.78E+00	0	0	0	0	0
"Ccnl2"	"1432195_s_at"	765	0	-1.00E-02	0.9494	2.00E+00	0	0	0	0	0
"Pmp22"	"1417133_at"	766	10.6695	-9.65E-03	0.95	2.75E+00	0.0137	0	0	0	0
"Zfand2a"	"1415941_s_at"	767	0	-9.64E-03	0.95	4.03E+00	0	0	0	0	0
"Dsc2"	"1426911_at"	768	26.1745	9.35E-03	0.9506	9.20E+00	0	0	0	0	0
"Sft2d2"	"1425027_s_at"	769	0	9.10E-03	0.951	2.57E+00	0.0009	0	0	0	0
"Peci"	"1431012_a_at"	770	0	-9.06E-03	0.9511	3.06E+00	0	0	0	0	0
"Atp7a"	"1418774_a_at"	771	10.9543	8.51E-03	0.9521	4.24E+00	0.0003	0	0	0	0
"Ldhb"	"1455235_x_at"	772	0	-8.00E-03	0.953	3.48E+00	0	0	0	0	0
"Ahcy"	"1417125_at"	773	0	7.68E-03	0.9536	1.96E+00	0	0	0	0	0
"Tmem48"	"1424173_at"	774	0	-5.57E-03	0.9574	1.63E+00	0	0	0	0	0
"2700094K13Rik"	"1436349_at"	775	0	-5.31E-03	0.9578	3.14E+00	0	0	0	0	0
"Serpina3g"	"1424923_at"	776	53.7186	-5.23E-03	0.958	1.59E+00	0.0071	0	0	0	0
"Sfrs12"	"1427136_s_at"	777	14.8484	-5.05E-03	0.9583	2.33E+00	0.0167	0	0	0	0
"Rps6ka1"	"1416896_at"	778	0	4.69E-03	0.959	2.10E+00	0	0	0	1	0
"Plek2"	"1449424_at"	779	55.1023	3.78E-03	0.9606	7.79E+00	0	0	0	1	0
"Cenpt"	"1426846_at"	780	31.7572	3.57E-03	0.961	2.07E+00	0	0	0	0	0
"Tacc3"	"1417450_a_at"	781	0	3.55E-03	0.961	3.45E+00	0	0	0	0	0
"Akr1b3"	"1437133_x_at"	782	0	-3.38E-03	0.9613	2.87E+00	0	0	0	0	0
"Mknk2"	"1418300_a_at"	783	0	3.23E-03	0.9616	1.65E+00	0	0	0	0	0
"Rhob"	"1449110_at"	784	21.7324	3.20E-03	0.9617	1.79E+00	0	1	0	0	0
"Myo6"	"1433942_at"	785	44.6427	8.42E-04	0.9659	2.29E+00	0	0	0	0	0
"2900042B11Rik"	"1453016_at"	786	0	-4.50E-04	0.9666	1.85E+00	0.034	0	0	0	0
